type,value,context,description
md5,15fa3b32539d7453a9a85958b77d4c95,Small Sieve sample,NSIS installer which installs and runs the index.exe backdoor and adds a persistence registry key
sha1,11d594f3b3cf8525682f6214acb7b7782056d282,Small Sieve sample,NSIS installer which installs and runs the index.exe backdoor and adds a persistence registry key
sha256,b75208393fa17c0bcbc1a07857686b8c0d7e0471d00a167a07fd0d52e1fc9054,Small Sieve sample,NSIS installer which installs and runs the index.exe backdoor and adds a persistence registry key
md5,5763530f25ed0ec08fb26a30c04009f1,Small Sieve sample,The PyInstaller-based python backdoor
sha1,2a6ddf89a8366a262b56a251b00aafaed5321992,Small Sieve sample,The PyInstaller-based python backdoor
sha256,bf090cf7078414c9e157da7002ca727f06053b39fa4e377f9a0050f2af37d3a2,Small Sieve sample,The PyInstaller-based python backdoor
path,%LocalAppData%\MicrosoftWindowsOutlookDataPlus.txt,derived from Small Sieve sample MD5s: 5763530f25ed0ec08fb26a30c04009f1,Telegram Session Persistence File (Obfuscated)
registry-value-name,HKCU\Software\Microsoft\Windows\CurrentVersion\Run\OutlookMicrosift,"derived from Small Sieve sample MD5s: 15fa3b32539d7453a9a85958b77d4c95, 5763530f25ed0ec08fb26a30c04009f1",Persistence Registry Key pointing to index.exe with a ‘Platypus’ argument
path,%AppData%\OutlookMicrosift\index.exe,derived from Small Sieve sample MD5s: 5763530f25ed0ec08fb26a30c04009f1,Installation path of the Small Sieve binary
