"type","value","context","description"
"md5","d5101c3b86d973a848ab7ed79cd11e5a","Smooth Operator sample","Trojanised, signed and notarized 3CX software package containing the malicious copy of libffmpeg.dylib."
"sha1","3dc840d32ce86cebf657b17cef62814646ba8e98","Smooth Operator sample","Trojanised, signed and notarized 3CX software package containing the malicious copy of libffmpeg.dylib."
"sha256","e6bbc33815b9f20b0cf832d7401dd893fbc467c800728b5891336706da0dbcec","Smooth Operator sample","Trojanised, signed and notarized 3CX software package containing the malicious copy of libffmpeg.dylib."
"md5","660ea9b8205fbd2da59fefd26ae5115c","Smooth Operator sample","Smooth Operator universal binary packaged inside the above disk image. Only the Intel x86_64 binary has malicious code present."
"sha1","769383fc65d1386dd141c960c9970114547da0c2","Smooth Operator sample","Smooth Operator universal binary packaged inside the above disk image. Only the Intel x86_64 binary has malicious code present."
"sha256","a64fa9f1c76457ecc58402142a8728ce34ccba378c17318b3340083eeb7acc67","Smooth Operator sample","Smooth Operator universal binary packaged inside the above disk image. Only the Intel x86_64 binary has malicious code present."
"md5","5faf36ca90f6406a78124f538a03387a","Smooth Operator sample","Smooth Operator second stage payload which exfiltrates 3CX victim data. Intel x86_x64 specific binary, not Universal."
"sha1","9e9a5f8d86356796162cee881c843cde9eaedfb3","Smooth Operator sample","Smooth Operator second stage payload which exfiltrates 3CX victim data. Intel x86_x64 specific binary, not Universal."
"sha256","6c121f2b2efa6592c2c22b29218157ec9e63f385e7a1d7425857d603ddef8c59","Smooth Operator sample","Smooth Operator second stage payload which exfiltrates 3CX victim data. Intel x86_x64 specific binary, not Universal."
"domain-name","msstorageazure.com","derived from Smooth Operator sample MD5s: 660ea9b8205fbd2da59fefd26ae5115c","C2 domain."
"domain-name","officestoragebox.com","derived from Smooth Operator sample MD5s: 660ea9b8205fbd2da59fefd26ae5115c","C2 domain."
"domain-name","visualstudiofactory.com","derived from Smooth Operator sample MD5s: 660ea9b8205fbd2da59fefd26ae5115c","C2 domain."
"domain-name","azuredeploystore.com","derived from Smooth Operator sample MD5s: 660ea9b8205fbd2da59fefd26ae5115c","C2 domain."
"domain-name","msstorageboxes.com","derived from Smooth Operator sample MD5s: 660ea9b8205fbd2da59fefd26ae5115c","C2 domain."
"domain-name","officeaddons.com","derived from Smooth Operator sample MD5s: 660ea9b8205fbd2da59fefd26ae5115c","C2 domain."
"domain-name","sourceslabs.com","derived from Smooth Operator sample MD5s: 660ea9b8205fbd2da59fefd26ae5115c","C2 domain."
"domain-name","zacharryblogs.com","derived from Smooth Operator sample MD5s: 660ea9b8205fbd2da59fefd26ae5115c","C2 domain."
"domain-name","pbxcloudeservices.com","derived from Smooth Operator sample MD5s: 660ea9b8205fbd2da59fefd26ae5115c","C2 domain."
"domain-name","pbxphonenetwork.com","derived from Smooth Operator sample MD5s: 660ea9b8205fbd2da59fefd26ae5115c","C2 domain."
"domain-name","akamaitechcloudservices.com","derived from Smooth Operator sample MD5s: 660ea9b8205fbd2da59fefd26ae5115c","C2 domain."
"domain-name","azureonlinestorage.com","derived from Smooth Operator sample MD5s: 660ea9b8205fbd2da59fefd26ae5115c","C2 domain."
"domain-name","msedgepackageinfo.com","derived from Smooth Operator sample MD5s: 660ea9b8205fbd2da59fefd26ae5115c","C2 domain."
"domain-name","glcloudservice.com","derived from Smooth Operator sample MD5s: 660ea9b8205fbd2da59fefd26ae5115c","C2 domain."
"domain-name","pbxsources.com","derived from Smooth Operator sample MD5s: 660ea9b8205fbd2da59fefd26ae5115c","C2 domain."
"domain-name","sbmsa.wiki","derived from Smooth Operator sample MD5s: 5faf36ca90f6406a78124f538a03387a","Exfiltration domain."
"url","https://msstorageazure.com/analysis","derived from Smooth Operator sample MD5s: 660ea9b8205fbd2da59fefd26ae5115c","C2 URL."
"url","https://officestoragebox.com/api/biosync","derived from Smooth Operator sample MD5s: 660ea9b8205fbd2da59fefd26ae5115c","C2 URL."
"url","https://visualstudiofactory.com/groupcore","derived from Smooth Operator sample MD5s: 660ea9b8205fbd2da59fefd26ae5115c","C2 URL."
"url","https://azuredeploystore.com/cloud/images","derived from Smooth Operator sample MD5s: 660ea9b8205fbd2da59fefd26ae5115c","C2 URL."
"url","https://msstorageboxes.com/xbox","derived from Smooth Operator sample MD5s: 660ea9b8205fbd2da59fefd26ae5115c","C2 URL."
"url","https://officeaddons.com/quality","derived from Smooth Operator sample MD5s: 660ea9b8205fbd2da59fefd26ae5115c","C2 URL."
"url","https://sourceslabs.com/status","derived from Smooth Operator sample MD5s: 660ea9b8205fbd2da59fefd26ae5115c","C2 URL."
"url","https://zacharryblogs.com/xmlquery","derived from Smooth Operator sample MD5s: 660ea9b8205fbd2da59fefd26ae5115c","C2 URL."
"url","https://pbxcloudeservices.com/network","derived from Smooth Operator sample MD5s: 660ea9b8205fbd2da59fefd26ae5115c","C2 URL."
"url","https://pbxphonenetwork.com/phone","derived from Smooth Operator sample MD5s: 660ea9b8205fbd2da59fefd26ae5115c","C2 URL."
"url","https://akamaitechcloudservices.com/v2/fileapi","derived from Smooth Operator sample MD5s: 660ea9b8205fbd2da59fefd26ae5115c","C2 URL."
"url","https://azureonlinestorage.com/google/storage","derived from Smooth Operator sample MD5s: 660ea9b8205fbd2da59fefd26ae5115c","C2 URL."
"url","https://msedgepackageinfo.com/ms-webview","derived from Smooth Operator sample MD5s: 660ea9b8205fbd2da59fefd26ae5115c","C2 URL."
"url","https://glcloudservice.com/v1/status","derived from Smooth Operator sample MD5s: 660ea9b8205fbd2da59fefd26ae5115c","C2 URL."
"url","https://pbxsources.com/queue","derived from Smooth Operator sample MD5s: 660ea9b8205fbd2da59fefd26ae5115c","C2 URL."
"url","https://sbmsa.wiki/blog/_insert","derived from Smooth Operator sample MD5s: 5faf36ca90f6406a78124f538a03387a","Exfiltration domain."
"filename","UpdateAgent","derived from Smooth Operator sample MD5s: 5faf36ca90f6406a78124f538a03387a","Name given to downloaded payloads."
"filename",".main_storage","derived from Smooth Operator sample MD5s: 660ea9b8205fbd2da59fefd26ae5115c, 5faf36ca90f6406a78124f538a03387a","Malware file containing Victim ID and next scheduled time to beacon under XOR 0x7A."
