"type","value","context","description"
"md5","a21dec89611368313e138480b3c94835","Goofy Guineapig sample","UPX packed setup-stub.exe"
"sha1","2b8aab068ef15cb05789da320b7099932a0a4166","Goofy Guineapig sample","UPX packed setup-stub.exe"
"sha256","19cef7f32e42cc674f7c76be3a5c691c543f4e018486c29153e7dde1a48af34c","Goofy Guineapig sample","UPX packed setup-stub.exe"
"md5","180e0bb4b570c215bfe7abdf209402aa","Goofy Guineapig sample","Trojanised NSIS FireFox installer "
"sha1","6f5c07c50ce4976ddb3879ce65d3b2f96693dc4c","Goofy Guineapig sample","Trojanised NSIS FireFox installer "
"sha256","97f66bcdd73917a8b59d9a1dcac21a58936bcaf91e757a9dfb8e5c320af40f56","Goofy Guineapig sample","Trojanised NSIS FireFox installer "
"md5","f98537517212068d0c57968876fc8204","Goofy Guineapig sample","Malicious DLL masquerading as Google update - extracted from setup-stub"
"sha1","7961930d13cb8d5056db64b6749356915fb4c272","Goofy Guineapig sample","Malicious DLL masquerading as Google update - extracted from setup-stub"
"sha256","12a29373c1f493f7757b755099bde4770c310af3fde376176b6d792cd1c5e150","Goofy Guineapig sample","Malicious DLL masquerading as Google update - extracted from setup-stub"
"md5","06e1992e6c52af33117d142bdbeef74d","Goofy Guineapig sample","Decoded shellcode extracted from config.dat"
"sha1","231ac2c5f3c9a833836be65f7443e3525eb1e7a3","Goofy Guineapig sample","Decoded shellcode extracted from config.dat"
"sha256","13c27a686f863a388cbc40661e6fda602ab14af9454421b08229cadb54d7b000","Goofy Guineapig sample","Decoded shellcode extracted from config.dat"
"md5","abbe7d13b13ea4315543bdad187f14b3","Goofy Guineapig sample","Decoded binary extracted from the shellcode extracted from config.dat"
"sha1","11b82826ec01aeec44e5e2504935b6aaccf51cac","Goofy Guineapig sample","Decoded binary extracted from the shellcode extracted from config.dat"
"sha256","4ffc7f65e16ce59ff9e6a504f88e0cf56b225c0eb2cf8ec578b3e9d40d9bd898","Goofy Guineapig sample","Decoded binary extracted from the shellcode extracted from config.dat"
"md5","3dc1096e73db4886fb66ed9413ca994c","Goofy Guineapig sample","Encoded shellcode file - extracted from setup-stub"
"sha1","628ce6721b97fa12590356712fbfc5ae030781ce","Goofy Guineapig sample","Encoded shellcode file - extracted from setup-stub"
"sha256","3a1af09a0250c602569d458e79db90a45e305b76d8423b81eeca14c69847b81c","Goofy Guineapig sample","Encoded shellcode file - extracted from setup-stub"
"url","HTTPS://static.tcplog.com","derived from Goofy Guineapig sample MD5s: abbe7d13b13ea4315543bdad187f14b3","Goofy Guineapig C2 infrastructure"
"path","C:\ProgramData\GoogleUpdate\GoogleUpdate\tmp.bat","derived from Goofy Guineapig sample MD5s: f98537517212068d0c57968876fc8204","Malicious batch file created and executed by Goofy Guineapig"
"path","C:\Users\Benjamin\source\repos\Dll1\Release\Dll1.pdb","derived from Goofy Guineapig sample MD5s: f98537517212068d0c57968876fc8204","Goofy Guineapig debug string"
"user-agent","Mozilla/5.0 (Windows NT 6.1; WOW64) AppleWebKit/537.36 (KHTML, like Gecko) Chrome/54.0.2840.71 Safari/537.36","derived from Goofy Guineapig sample MD5s: abbe7d13b13ea4315543bdad187f14b3","Hard coded Goofy Guineapig User Agent string"
